{"cameraMode":{"drawMode":0,"name":"Shaded","section":"Shading Mode"},"sceneLighting":true,"audioPlay":false,"sceneViewState":{"m_AlwaysRefresh":false,"showFog":true,"showSkybox":true,"showFlares":true,"showImageEffects":true,"showParticleSystems":true,"showVisualEffectGraphs":true,"m_FxEnabled":true},"in2DMode":false,"pivot":{"x":0.19969528913497926,"y":0.46247395873069765,"z":-0.6879210472106934},"rotation":{"x":-0.12070155143737793,"y":-0.4567507803440094,"z":0.04885699599981308,"w":-0.8824183344841003},"size":0.3059949576854706,"orthographic":false}